{"type": "NN", "build time": 8.605451822280884, "search time": 4.457025527954102e-05, "search average error": 251.2822, "range search time": 0.01850724220275879, "insert time": 0.0001537206768989563, "insert average error": 0.0, "delete time": 3.4459829330444335e-05, "store size": 213838}