{"type": "NN", "build time": 8.729068040847778, "search time": 4.918742179870605e-05, "search average error": 249.133, "range search time": 0.002442598342895508, "insert time": 0.00012774467468261718, "insert average error": 0.0, "delete time": 2.7489662170410156e-05, "store size": 22875}