{"type": "BTree", "build time": 0.06807804107666016, "search time": 6.210991859436035e-05, "search average error": 254.1679, "range search time": 0.1409158706665039, "store size": 1837220}