{"type": "BTree", "build time": 0.008711576461791992, "search time": 4.7254085540771486e-05, "search average error": 251.2822, "range search time": 0.015921592712402344, "store size": 167231}