{"type": "BTree", "build time": 0.0007917881011962891, "search time": 5.4728269577026366e-05, "search average error": 249.133, "range search time": 0.0008764266967773438, "store size": 17176}