{"type": "NN", "build time": 13.626993417739868, "search time": 5.848984718322754e-05, "search average error": 254.1679, "range search time": 0.06719756126403809, "insert time": 0.00019212689995765686, "insert average error": 0.0, "delete time": 3.177189826965332e-05, "store size": 2203022}