{"type": "NN", "build time": 2.1987855434417725, "search time": 4.5184850692749025e-05, "search average error": 238.302, "range search time": 0.0009450912475585938, "store size": 31427}