{"type": "NN", "build time": 9.618309497833252, "search time": 6.092527627944946e-05, "search average error": 253.77324, "range search time": 0.17700695991516113, "store size": 2899731}