{"type": "NN", "build time": 3.2350823879241943, "search time": 5.014078617095947e-05, "search average error": 249.5898, "range search time": 0.013336420059204102, "store size": 286637}