{"search time": 1.0941982269287109e-05, "build time": 13.348819017410278, "store size": 15623, "type": "NN"}