{"search time": 3.790268898010254e-05, "build time": 71.28376197814941, "store size": 920, "type": "NN", "average error": 0.0}