{"search time": 3.599677801132202e-05, "build time": 977.5895490646362, "store size": 8017, "type": "NN"}