{"type": "NN", "build time": 55.80767512321472, "search time": 2.0969867706298827e-05, "store size": 29514}