{"search time": 3.839409351348877e-05, "build time": 75.36044001579285, "store size": 923, "type": "NN"}