{"search time": 3.91167688369751e-05, "build time": 807.5240440368652, "store size": 8027, "type": "NN", "average error": 0.0}