{"search time": 4.2252206802368166e-05, "build time": 63.62934899330139, "store size": 923, "type": "NN"}