{"search time": 3.954397201538086e-05, "build time": 778.0998311042786, "store size": 8017, "type": "NN"}