{"type": "BTree", "build time": 0.0007104873657226562, "search time": 4.808592796325684e-05, "search average error": 249.133, "range search time": 0.001506805419921875, "store size": 30632}