{"type": "BTree", "build time": 0.11636018753051758, "search time": 6.51109504699707e-05, "search average error": 254.1679, "range search time": 0.17383909225463867, "store size": 2983169}