{"type": "BTree", "build time": 0.009666919708251953, "search time": 4.631848335266113e-05, "search average error": 251.2822, "range search time": 0.015078067779541016, "store size": 291817}