{"search time": 8.082795143127441e-06, "build time": 0.18883204460144043, "store size": 1295120, "type": "BTree", "average error": 0.0}