{"search time": 9.941449165344238e-06, "build time": 2.763887882232666, "store size": 13359877, "type": "BTree", "average error": 0.0}