{"search time": 1.3338810920715333e-05, "build time": 35.8089759349823, "store size": 137609509, "type": "BTree", "average error": 0.0}