{"search time": 1.0280709266662598e-05, "build time": 2.8199172019958496, "store size": 13359698, "type": "BTree", "average error": 0.00011}