{"search time": 8.056187629699708e-06, "build time": 0.20387887954711914, "store size": 1295169, "type": "BTree", "average error": 0.0009}