{"search time": 7.876896858215332e-06, "build time": 0.1848599910736084, "store size": 1295107, "type": "BTree", "average error": 0.0009}