{"search time": 1.0562238693237305e-05, "build time": 3.086005210876465, "store size": 13359862, "type": "BTree", "average error": 0.0}