{"search time": 8.155584335327149e-06, "build time": 0.19843196868896484, "store size": 1295087, "type": "BTree", "average error": 0.0}