{"search time": 1.5828827142715454e-05, "build time": 38.3143310546875, "store size": 137608830, "type": "BTree", "average error": 1.3e-05}