{"search time": 6.2624613444010414e-06, "build time": 0.00015401840209960938, "store size": 1311, "type": "BTree", "average error": 0.0}