{"search time": 9.814977645874024e-06, "build time": 0.018420934677124023, "store size": 15472, "type": "BTree"}