{"search time": 1.4122700691223145e-05, "build time": 0.262620210647583, "store size": 156869, "type": "BTree"}