{"search time": 3.978159427642822e-05, "build time": 1.0304698944091797, "store size": 126148, "type": "BTree"}