{"search time": 8.438290119171143e-05, "build time": 14.577638864517212, "store size": 1243488, "type": "BTree"}