{"search time": 1.1086320877075196e-05, "build time": 3.041714906692505, "store size": 13304339, "type": "BTree", "average error": 0.00011}