{"search time": 1.6757218837738037e-05, "build time": 3.738668918609619, "store size": 1584379, "type": "BTree"}