{"search time": 9.551286697387695e-06, "build time": 0.20303821563720703, "store size": 1289601, "type": "BTree", "average error": 0.0009}