{"search time": 1.4981300830841064e-05, "build time": 128.68263697624207, "store size": 928, "type": "NN", "average error": 9e-05}