{"search time": 1.2362098693847656e-05, "build time": 43.17504596710205, "store size": 219, "type": "NN", "average error": 0.0008}