{"search time": 1.2143397331237794e-05, "build time": 46.975407123565674, "store size": 219, "type": "NN", "average error": 0.0}