{"search time": 1.8281641006469726e-05, "build time": 782.0609669685364, "store size": 8109, "type": "NN", "average error": 1.2e-05}