{"search time": 1.5116798877716064e-05, "build time": 124.54368209838867, "store size": 920, "type": "NN", "average error": 0.0}