{"search time": 1.0259222984313964e-05, "build time": 5.930876970291138, "store size": 1295259, "type": "NN", "average error": 0.0009}