{"search time": 1.4468297004699707e-05, "build time": 747.9244430065155, "store size": 136513566, "type": "NN", "average error": 0.004139}