{"search time": 9.61921215057373e-06, "build time": 5.994188070297241, "store size": 1295270, "type": "NN", "average error": 0.0}