{"search time": 1.1724159717559814e-05, "build time": 59.96354699134827, "store size": 13308848, "type": "NN", "average error": 0.00449}