{"search time": 0.0010104020436604818, "build time": 31.95592188835144, "store size": 379, "type": "NN", "average error": 0.5333333333333333}