{"type": "BTree", "build time": 0.0729522705078125, "search time": 6.195496082305908e-05, "search average error": 254.1679, "range search time": 0.16818690299987793, "store size": 3198901}