{"type": "BTree", "build time": 0.009477376937866211, "search time": 4.615457057952881e-05, "search average error": 251.2822, "range search time": 0.014147758483886719, "store size": 322118}