{"type": "BTree", "build time": 0.0008864402770996094, "search time": 5.013203620910645e-05, "search average error": 249.133, "range search time": 0.001678466796875, "store size": 34318}