{"type": "NN", "build time": 42.49880075454712, "search time": 4.225423336029053e-05, "search average error": 238.7533, "range search time": 0.00785374641418457, "store size": 181877}