{"type": "NN", "build time": 55.41348052024841, "search time": 2.714109420776367e-05, "search average error": 37.408, "range search time": 0.0008111000061035156, "store size": 20741}