{"type": "NN", "build time": 36.57950949668884, "search time": 4.684278726577759e-05, "search average error": 251.015, "range search time": 0.14922857284545898, "store size": 1778685}