{"type": "NN", "build time": 0.9892723560333252, "search time": 4.944014549255371e-05, "search average error": 249.133, "range search time": 0.0010378360748291016, "store size": 39968}