{"type": "NN", "build time": 1.9397692680358887, "search time": 4.8801827430725095e-05, "search average error": 251.2822, "range search time": 0.012939453125, "store size": 319668}