{"type": "NN", "build time": 10.23978328704834, "search time": 6.381725788116455e-05, "search average error": 254.1679, "range search time": 0.16632533073425293, "store size": 3115451}