{"type": "NN", "build time": 59.28040790557861, "search time": 5.3406293392181396e-05, "search average error": 252.57718, "range search time": 0.0010135173797607422, "insert time": 0.00018284690380096434, "insert average error": 0.0, "delete time": 3.387904167175293e-05, "store size": 2975615}