{"type": "NN", "build time": 17.237701654434204, "search time": 6.937599182128906e-05, "search average error": 113.51, "range search time": 0.0004978179931640625, "insert time": 0.00016391873359680175, "insert average error": 0.0, "delete time": 4.2432546615600585e-05, "store size": 17747}