{"type": "NN", "build time": 76.31219696998596, "search time": 1.4188766479492188e-05, "search average error": 64.922, "range search time": 0.0008840560913085938, "store size": 37007}