{"type": "NN", "build time": 21.126155138015747, "search time": 4.765886068344116e-05, "search average error": 251.65914, "range search time": 0.13301539421081543, "store size": 2003785}