{"type": "NN", "build time": 23.824130535125732, "search time": 3.640584945678711e-05, "search average error": 212.579, "range search time": 0.01054835319519043, "store size": 215067}