{"type": "NN", "build time": 81.09560418128967, "search time": 3.971266746520996e-05, "search average error": 0.31, "range search time": 0.0006871223449707031, "store size": 5955}