{"type": "NN", "build time": 349.8811252117157, "search time": 0.00010629963874816895, "search average error": 9.0115, "range search time": 0.0019986629486083984, "insert time": 0.00018632763624191285, "insert average error": 983316.42175, "delete time": 0.004776902318000794, "store size": 52260}