{"type": "BTree", "build time": 0.12302446365356445, "search time": 6.897306442260742e-05, "search average error": 249.133, "range search time": 0.0010297298431396484, "insert time": 7.532835006713867e-05, "bulk load new search time": 4.397201538085937e-05, "insert new search time": 4.999935626983643e-05, "store size": 21724}