{"type": "BTree", "build time": 0.0008962154388427734, "search time": 4.491186141967773e-05, "search average error": 249.133, "range search time": 0.0009062290191650391, "store size": 18465}