{"type": "BTree", "build time": 0.07086443901062012, "search time": 6.04095458984375e-05, "search average error": 254.1679, "range search time": 0.14619231224060059, "store size": 1974823}