{"type": "BTree", "build time": 0.010631561279296875, "search time": 4.4472408294677734e-05, "search average error": 251.2822, "range search time": 0.012769699096679688, "store size": 180874}