{"search time": 9.655404090881348e-06, "build time": 16.112555980682373, "store size": 1330718, "type": "NN", "average error": 0.0}