{"search time": 1.4874430046716557e-05, "build time": 588.5921659469604, "store size": 137306009, "type": "NN", "average error": 0.0534137508307213}