{"search time": 1.5233870617084027e-05, "build time": 59.26896595954895, "store size": 12968291, "type": "NN", "average error": 0.5128643738871216}