{"search time": 1.6743059905833693e-05, "build time": 43.62730598449707, "store size": 11997742, "type": "NN", "average error": 4.88874884967791}