{"search time": 1.4063445806679764e-05, "build time": 108.32178807258606, "store size": 7625, "type": "NN", "average error": 2.0004400968213005e-05}