{"search time": 1.636984797033974e-05, "build time": 200.4750120639801, "store size": 7636, "type": "NN", "average error": 0.0}