{"search time": 7.87520408630371e-06, "build time": 0.18144011497497559, "store size": 1330011, "type": "BTree", "average error": 0.0}