{"search time": 1.318793502260405e-05, "build time": 35.605693101882935, "store size": 139094916, "type": "BTree", "average error": 0.0}