{"search time": 1.0723145457468235e-05, "build time": 3.187558889389038, "store size": 13636919, "type": "BTree", "average error": 0.0}