{"search time": 1.072439811346509e-05, "build time": 2.763278007507324, "store size": 13638788, "type": "BTree", "average error": 0.0}