{"search time": 1.165219411764884e-05, "build time": 3.1683201789855957, "store size": 13637804, "type": "BTree", "average error": 0.0}