{"search time": 9.858353807426791e-06, "build time": 2.922605037689209, "store size": 13639646, "type": "BTree", "average error": 0.0}